{"elevation":true,"summary":{"distance":5861.5,"duration":1178.4,"ascent":29.2,"descent":28.4},"geometry_format":"geojson","geometry":[[49.028193,8.365091,114],[49.027646,8.36523,114],[49.027552,8.365192,114],[49.026648,8.36544,112.8],[49.025233,8.365682,111.4],[49.024147,8.365821,110.8],[49.023715,8.365865,109.9],[49.022563,8.36592,109.5],[49.021353,8.365574,112.2],[49.020893,8.365418,112.4],[49.020855,8.365418,112.4],[49.020363,8.365075,112.6],[49.020332,8.36514,112.8],[49.020237,8.365073,112.9],[49.020003,8.364914,112.9],[49.019924,8.36486,112.9],[49.019858,8.364815,112.9],[49.019829,8.364793,112.9],[49.019783,8.364759,112.9],[49.019738,8.364723,112.9],[49.019713,8.364702,112.9],[49.01966,8.364663,112.9],[49.0196,8.364806,112.9],[49.019536,8.36492,112.9],[49.01944,8.365059,113.1],[49.019064,8.365511,113.6],[49.018262,8.366538,115.6],[49.017629,8.36732,117.5],[49.017609,8.367344,117.7],[49.017256,8.368245,118.5],[49.01723,8.368264,118.6],[49.017179,8.368301,118.7],[49.016947,8.368833,118.5],[49.016885,8.368968,118.4],[49.016822,8.36911,118.3],[49.016686,8.369414,117.9],[49.016585,8.369693,117.7],[49.01656,8.369781,117.6],[49.016374,8.369602,117.4],[49.016082,8.369565,117.3],[49.016074,8.369565,117.3],[49.015517,8.369472,117.6],[49.014043,8.369204,119],[49.013959,8.369191,119],[49.013776,8.369161,119.1],[49.013711,8.369151,119.1],[49.012917,8.36904,119.8],[49.0122,8.368899,120.3],[49.011501,8.368782,120.6],[49.011475,8.368779,120.6],[49.011333,8.368758,120.6],[49.011259,8.36875,120.6],[49.011232,8.368746,120.6],[49.011205,8.368742,120.6],[49.011156,8.368733,120.6],[49.011113,8.36872,120.6],[49.011067,8.368704,120.7],[49.010982,8.368668,120.7],[49.010261,8.368344,121.2],[49.009739,8.368097,121.2],[49.009655,8.368018,121.1],[49.009645,8.367956,121.1],[49.009618,8.367906,121],[49.009585,8.367879,121],[49.009552,8.367874,120.9],[49.009508,8.367893,120.9],[49.009475,8.367942,120.8],[49.009396,8.367918,120.8],[49.009152,8.367846,120.4],[49.00909,8.36782,120.2],[49.009032,8.367811,119.9],[49.008407,8.367871,118.6],[49.008393,8.367872,118.4],[49.008316,8.367879,118.4],[49.008238,8.367888,118.3],[49.008029,8.368672,117.7],[49.007891,8.369182,117.5],[49.00783,8.369415,117.5],[49.007751,8.369719,117.5],[49.007406,8.371048,116.8],[49.00737,8.371118,116.7],[49.0073,8.371138,116.6],[49.007237,8.371194,116.6],[49.007196,8.371266,116.5],[49.007169,8.371359,116.5],[49.007164,8.371395,116.4],[49.005612,8.371447,116],[49.005572,8.371448,116],[49.005494,8.371455,116],[49.004799,8.371446,116.6],[49.004414,8.371411,117.2],[49.004204,8.371371,117.5],[49.003603,8.371181,119.3],[49.003321,8.371077,119.8],[49.003262,8.371049,119.8],[49.00321,8.371028,119.9],[49.003125,8.37105,119.9],[49.003018,8.37101,119.8],[49.002943,8.371106,119.8],[49.002881,8.37118,119.7],[49.002818,8.371244,119.7],[49.002705,8.371336,119.6],[49.002525,8.371498,119.5],[49.002147,8.371836,119.1],[49.002056,8.371913,118.9],[49.001154,8.372652,117.7],[49.001093,8.372699,117.7],[49.000745,8.373015,117.2],[49.000086,8.373609,116.5],[48.999932,8.373584,116.5],[48.999821,8.373509,116.5],[48.999708,8.373599,116.6],[48.999655,8.373754,116.6],[48.999315,8.373725,116.8],[48.999288,8.373924,116.8],[48.999237,8.373921,116.9],[48.998928,8.374129,117.1],[48.998434,8.37408,117.1],[48.998376,8.374103,117.1],[48.998313,8.374188,116.8],[48.998154,8.374369,116.2],[48.998038,8.374446,115.8],[48.997605,8.374433,114.4],[48.997556,8.374452,114.1],[48.997311,8.374733,113],[48.99728,8.374748,112.8],[48.997268,8.374896,112.5],[48.997251,8.375083,112.2],[48.997257,8.375226,111.8],[48.997281,8.375347,111.5],[48.997234,8.375349,111.1],[48.997069,8.375305,110.8],[48.996969,8.375246,110.4],[48.99688,8.375162,110.3],[48.996635,8.374909,110],[48.996547,8.3748,109.9],[48.996483,8.374715,109.8],[48.996087,8.374164,109.3],[48.995714,8.373505,109.7],[48.995378,8.372817,111.1],[48.995349,8.372759,111.3],[48.995318,8.372691,111.6],[48.994971,8.371968,113.1],[48.994886,8.37179,113.3],[48.994691,8.371416,113.8],[48.994287,8.370787,114],[48.994158,8.370618,114],[48.99344,8.369707,113.2],[48.993261,8.369469,113.2],[48.99324,8.369403,113.2],[48.993191,8.369261,113.2],[48.993161,8.369242,113.3],[48.992555,8.368476,113.9],[48.992534,8.36845,114],[48.992518,8.36843,114.1],[48.992457,8.368355,114.1],[48.992368,8.368248,114.1],[48.992307,8.36817,114.1],[48.992154,8.367976,114.1],[48.991977,8.367781,114],[48.991897,8.367701,113.9],[48.991842,8.367649,113.8],[48.991708,8.367514,113.7],[48.991619,8.367452,113.5],[48.991467,8.367296,113.3],[48.991152,8.366976,112.8],[48.99084,8.366657,112.6],[48.990433,8.366167,113],[48.990368,8.366078,113.2],[48.990321,8.36601,113.3],[48.990214,8.365853,113.5],[48.990111,8.365693,113.7],[48.990073,8.365737,114],[48.990007,8.365813,114.3],[48.989984,8.365839,114.5],[48.989762,8.365449,115.1],[48.989554,8.365048,115.8],[48.98951,8.364965,116],[48.989408,8.364769,116.2],[48.989117,8.364211,116.2],[48.989053,8.364082,116.1],[48.988911,8.363788,116],[48.988725,8.363464,115.6],[48.988539,8.363205,115.7],[48.988301,8.362977,115.6],[48.988061,8.362815,115.4],[48.987855,8.362731,115.3],[48.987677,8.362697,115.3],[48.987515,8.362679,115.3],[48.987495,8.362676,115.1],[48.987385,8.362667,114.9],[48.987277,8.362659,114.8],[48.987235,8.362657,114.6],[48.986301,8.362624,113],[48.985919,8.362619,112.8],[48.985746,8.36262,112.7],[48.985672,8.36262,112.6],[48.985149,8.362626,113.1],[48.985152,8.362459,113.3],[48.984716,8.362468,113.9],[48.984663,8.362479,114],[48.984613,8.362505,114.1],[48.984565,8.36242,114.2],[48.984525,8.362356,114.2],[48.984472,8.362278,114.3],[48.984492,8.362234,114.3],[48.984531,8.362147,114.4],[48.984364,8.361955,114.5],[48.984426,8.361826,114.6],[48.98426,8.361632,114.8]],"segments":[{"distance":5861.5,"duration":1178.4,"ascent":29.2,"descent":28.4,"detourfactor":1.2,"percentage":100,"steps":[{"distance":72.4,"duration":14.5,"type":11,"instruction":"Head south","name":"","way_points":[0,2],"distanceTurf":72.5},{"distance":751.5,"duration":150.3,"type":4,"instruction":"Turn slight left","name":"","way_points":[2,10],"distanceTurf":751.7},{"distance":60.1,"duration":12,"type":5,"instruction":"Turn slight right","name":"","way_points":[10,11],"distanceTurf":60.2},{"distance":5.9,"duration":3.5,"type":0,"instruction":"Turn left","name":"","way_points":[11,12],"distanceTurf":5.9},{"distance":82.5,"duration":16.5,"type":1,"instruction":"Turn right onto <b>Hertzstraße</b>","name":"Hertzstraße","way_points":[12,21],"distanceTurf":82.5},{"distance":37.9,"duration":7.6,"type":0,"instruction":"Turn left onto <b>Moltkestraße</b>","name":"Moltkestraße","way_points":[21,24],"distanceTurf":38.1},{"distance":477.4,"duration":95.5,"type":13,"instruction":"Keep right","name":"","way_points":[24,37],"distanceTurf":477.5},{"distance":783.4,"duration":156.7,"type":1,"instruction":"Turn right onto <b>Felix-Mottl-Straße</b>","name":"Felix-Mottl-Straße","way_points":[37,60],"distanceTurf":783.7},{"distance":166.1,"duration":33.2,"type":7,"instruction":"Enter the roundabout and take the 3rd exit onto <b>Wichernstraße</b>","name":"Wichernstraße","exit_number":3,"way_points":[60,74],"distanceTurf":166.2},{"distance":254.8,"duration":51,"type":0,"instruction":"Turn left","name":"","way_points":[74,80],"distanceTurf":254.9},{"distance":497.7,"duration":99.5,"type":7,"instruction":"Enter the roundabout and take the 2nd exit onto <b>Weltzienstraße</b>","name":"Weltzienstraße","exit_number":2,"way_points":[80,97],"distanceTurf":497.9},{"distance":377.5,"duration":75.5,"type":0,"instruction":"Turn left onto <b>Wilhelm-Baur-Straße</b>","name":"Wilhelm-Baur-Straße","way_points":[97,108],"distanceTurf":377.6},{"distance":95.9,"duration":19.2,"type":13,"instruction":"Keep right","name":"","way_points":[108,113],"distanceTurf":95.5},{"distance":14.8,"duration":3,"type":0,"instruction":"Turn left","name":"","way_points":[113,114],"distanceTurf":14.8},{"distance":105.1,"duration":21,"type":1,"instruction":"Turn right","name":"","way_points":[114,118],